{
  "input_file": "subtask1_stim_qec/subtask1_data/stim_code_9_1_3.npz",
  "code": "code_9_1_3",
  "seed": 43,
  "shape": {
    "shots": 512,
    "rounds": 5,
    "n_detectors_per_round": 8
  },
  "binary_check": {
    "is_binary": true,
    "unique_values": [
      0,
      1
    ]
  },
  "global_trigger_rate": 0.029443359375,
  "per_round_trigger_rate": [
    0.0361328125,
    0.029541015625,
    0.02685546875,
    0.02685546875,
    0.02783203125
  ],
  "temporal_autocorr_round_rate_lag0_to_lag4": [
    1.0,
    0.2318485086342228,
    -0.36747776033490326,
    -0.7188971742543169,
    -0.8871664050235474
  ]
}