{
  "input_file": "subtask1_stim_qec/subtask1_data/stim_code_9_1_3.npz",
  "code": "code_9_1_3",
  "seed": 43,
  "shape": {
    "shots": 512,
    "rounds": 5,
    "n_detectors_per_round": 8
  },
  "binary_check": {
    "is_binary": true,
    "unique_values": [
      0,
      1
    ]
  },
  "global_trigger_rate": 0.05478515625,
  "per_round_trigger_rate": [
    0.059814453125,
    0.0498046875,
    0.05517578125,
    0.056640625,
    0.052490234375
  ],
  "temporal_autocorr_round_rate_lag0_to_lag4": [
    1.0,
    -0.647189648200566,
    -0.23102844049063226,
    0.8803073190456936,
    -0.9787707238172265
  ]
}