{
  "input_file": "subtask1_stim_qec/subtask1_data/stim_code_9_1_3.npz",
  "code": "code_9_1_3",
  "seed": 43,
  "shape": {
    "shots": 512,
    "rounds": 5,
    "n_detectors_per_round": 8
  },
  "binary_check": {
    "is_binary": true,
    "unique_values": [
      0,
      1
    ]
  },
  "global_trigger_rate": 0.01689453125,
  "per_round_trigger_rate": [
    0.0166015625,
    0.016357421875,
    0.017822265625,
    0.019287109375,
    0.014404296875
  ],
  "temporal_autocorr_round_rate_lag0_to_lag4": [
    1.0,
    -0.38745471014492766,
    -0.4897342995169082,
    0.12092391304347838,
    0.277173913043479
  ]
}