stage_name,f_hz,g,n_seeds,improve_ler_mean,improve_ler_std,learned_success_mean,learned_success_std,fixed_success_mean,fixed_success_std,delta_success_mean,delta_success_std,positive_seed_ratio,trace_improve_ler_mean,trace_improve_ler_std,trace_delta_success_mean,trace_delta_success_std,trace_positive_seed_ratio
stage_topcond_baseline_confirm40_f1e4_g04,10000.0,0.4,40,0.32486652500455426,0.1260684033552941,0.9236328125,0.009734324839357118,0.88455810546875,0.01634133985994409,0.03907470703125,0.019116222630055094,0.975,0.32744123141317266,0.1290339255606137,0.0402099609375,0.019837548796335935,0.975
stage_topcond_longtrace_confirm40_f1e4_g04,10000.0,0.4,40,0.43425878141666524,0.09696918576878058,0.93538818359375,0.006201736544634263,0.8833984375,0.01661347803088549,0.05198974609375,0.018146395551582997,1.0,0.44220830440826636,0.12701376146443988,0.052587890625,0.022328445421593245,1.0
