stage_name,f_hz,g,n_seeds,improve_ler_mean,improve_ler_std,learned_success_mean,learned_success_std,fixed_success_mean,fixed_success_std,delta_success_mean,delta_success_std,positive_seed_ratio
stage_composed_pilot_f1e2_g10,100.0,1.0,5,0.32140798780228563,0.12002562562799293,0.911328125,0.014136901702498103,0.86806640625,0.014923843333857255,0.04326171875,0.019063240412106372,1.0
stage_composed_pilot_f1e2_g16,100.0,1.6,5,0.35683771713822166,0.08751428709053116,0.915234375,0.004080582503081285,0.8658203125,0.0180476570785626,0.0494140625,0.0170112590530599,1.0
stage_composed_pilot_f1e3_g10,1000.0,1.0,5,0.3948238843852879,0.07435243256911721,0.91748046875,0.008052940675034493,0.86259765625,0.013169480292769362,0.0548828125,0.014558971583338336,1.0
stage_composed_pilot_f1e3_g16,1000.0,1.6,5,0.42479720297791823,0.07667400057061032,0.9212890625,0.005298695299316616,0.86162109375,0.01351260465710222,0.05966796875,0.015592617811791878,1.0
stage_composed_pilot_f1e4_g04,10000.0,0.4,5,0.451972746183987,0.061232761056437594,0.92724609375,0.010279451067922475,0.86748046875,0.008295609602185665,0.059765625,0.007846605244765886,1.0
stage_composed_pilot_f1e4_g10,10000.0,1.0,5,0.34110814484784535,0.10249751852155693,0.91591796875,0.010056223173325,0.8712890625,0.01073152880298137,0.04462890625,0.0157877268577822,1.0
