{
  "reports": [
    {
      "delta_success_vs_target": 0.0,
      "f_hz": 1000.0,
      "fixed_zero_ler_proxy": 0.0615234375,
      "fixed_zero_success_rate": 0.9384765625,
      "g": 1.6,
      "p_meas": 0.01,
      "report_path": "code/data_generated/rl_steane_tune_experiments_V2/policy_transfer_expr3/expr1_to_expr3_transfer_seed720_to_expr3c_s0025_f1e3_g16_pm010.json",
      "scale": 0.025,
      "target_label": "expr3v2c_confirm_s0025_f1e3_g16_pm010",
      "target_learned_ler_proxy": 0.0546875,
      "target_learned_success_rate": 0.9453125,
      "transfer_improve_vs_fixed_zero": 0.1111111111111111,
      "transfer_ler_proxy": 0.0546875,
      "transfer_success_rate": 0.9453125
    },
    {
      "delta_success_vs_target": -0.01399739583333337,
      "f_hz": 10000.0,
      "fixed_zero_ler_proxy": 0.02376302083333337,
      "fixed_zero_success_rate": 0.9762369791666666,
      "g": 1.0,
      "p_meas": 0.003,
      "report_path": "code/data_generated/rl_steane_tune_experiments_V2/policy_transfer_expr3/expr1_to_expr3_transfer_seed720_to_expr3c_s0025_f1e4_g10_pm003.json",
      "scale": 0.025,
      "target_label": "expr3v2c_confirm_s0025_f1e4_g10_pm003",
      "target_learned_ler_proxy": 0.015625,
      "target_learned_success_rate": 0.984375,
      "transfer_improve_vs_fixed_zero": -0.24657534246575305,
      "transfer_ler_proxy": 0.02962239583333337,
      "transfer_success_rate": 0.9703776041666666
    },
    {
      "delta_success_vs_target": 0.0009765625,
      "f_hz": 10000.0,
      "fixed_zero_ler_proxy": 0.04036458333333337,
      "fixed_zero_success_rate": 0.9596354166666666,
      "g": 1.0,
      "p_meas": 0.01,
      "report_path": "code/data_generated/rl_steane_tune_experiments_V2/policy_transfer_expr3/expr1_to_expr3_transfer_seed720_to_expr3c_s0025_f1e4_g10_pm010.json",
      "scale": 0.025,
      "target_label": "expr3v2c_confirm_s0025_f1e4_g10_pm010",
      "target_learned_ler_proxy": 0.04427083333333337,
      "target_learned_success_rate": 0.9557291666666666,
      "transfer_improve_vs_fixed_zero": -0.07258064516129026,
      "transfer_ler_proxy": 0.04329427083333337,
      "transfer_success_rate": 0.9567057291666666
    },
    {
      "delta_success_vs_target": -0.01432291666666663,
      "f_hz": 1000.0,
      "fixed_zero_ler_proxy": 0.0595703125,
      "fixed_zero_success_rate": 0.9404296875,
      "g": 1.6,
      "p_meas": 0.01,
      "report_path": "code/data_generated/rl_steane_tune_experiments_V2/policy_transfer_expr3/expr1_to_expr3_transfer_seed721_to_expr3c_s0025_f1e3_g16_pm010.json",
      "scale": 0.025,
      "target_label": "expr3v2c_confirm_s0025_f1e3_g16_pm010",
      "target_learned_ler_proxy": 0.0546875,
      "target_learned_success_rate": 0.9453125,
      "transfer_improve_vs_fixed_zero": -0.15846994535519063,
      "transfer_ler_proxy": 0.06901041666666663,
      "transfer_success_rate": 0.9309895833333334
    },
    {
      "delta_success_vs_target": -0.0107421875,
      "f_hz": 10000.0,
      "fixed_zero_ler_proxy": 0.02897135416666663,
      "fixed_zero_success_rate": 0.9710286458333334,
      "g": 1.0,
      "p_meas": 0.003,
      "report_path": "code/data_generated/rl_steane_tune_experiments_V2/policy_transfer_expr3/expr1_to_expr3_transfer_seed721_to_expr3c_s0025_f1e4_g10_pm003.json",
      "scale": 0.025,
      "target_label": "expr3v2c_confirm_s0025_f1e4_g10_pm003",
      "target_learned_ler_proxy": 0.015625,
      "target_learned_success_rate": 0.984375,
      "transfer_improve_vs_fixed_zero": 0.08988764044943703,
      "transfer_ler_proxy": 0.0263671875,
      "transfer_success_rate": 0.9736328125
    },
    {
      "delta_success_vs_target": -0.001953125,
      "f_hz": 10000.0,
      "fixed_zero_ler_proxy": 0.0400390625,
      "fixed_zero_success_rate": 0.9599609375,
      "g": 1.0,
      "p_meas": 0.01,
      "report_path": "code/data_generated/rl_steane_tune_experiments_V2/policy_transfer_expr3/expr1_to_expr3_transfer_seed721_to_expr3c_s0025_f1e4_g10_pm010.json",
      "scale": 0.025,
      "target_label": "expr3v2c_confirm_s0025_f1e4_g10_pm010",
      "target_learned_ler_proxy": 0.04427083333333337,
      "target_learned_success_rate": 0.9557291666666666,
      "transfer_improve_vs_fixed_zero": -0.15447154471544808,
      "transfer_ler_proxy": 0.04622395833333337,
      "transfer_success_rate": 0.9537760416666666
    },
    {
      "delta_success_vs_target": -0.0048828125,
      "f_hz": 1000.0,
      "fixed_zero_ler_proxy": 0.05208333333333337,
      "fixed_zero_success_rate": 0.9479166666666666,
      "g": 1.6,
      "p_meas": 0.01,
      "report_path": "code/data_generated/rl_steane_tune_experiments_V2/policy_transfer_expr3/expr1_to_expr3_transfer_seed724_to_expr3c_s0025_f1e3_g16_pm010.json",
      "scale": 0.025,
      "target_label": "expr3v2c_confirm_s0025_f1e3_g16_pm010",
      "target_learned_ler_proxy": 0.0546875,
      "target_learned_success_rate": 0.9453125,
      "transfer_improve_vs_fixed_zero": -0.14374999999999918,
      "transfer_ler_proxy": 0.0595703125,
      "transfer_success_rate": 0.9404296875
    },
    {
      "delta_success_vs_target": -0.01334635416666663,
      "f_hz": 10000.0,
      "fixed_zero_ler_proxy": 0.029296875,
      "fixed_zero_success_rate": 0.970703125,
      "g": 1.0,
      "p_meas": 0.003,
      "report_path": "code/data_generated/rl_steane_tune_experiments_V2/policy_transfer_expr3/expr1_to_expr3_transfer_seed724_to_expr3c_s0025_f1e4_g10_pm003.json",
      "scale": 0.025,
      "target_label": "expr3v2c_confirm_s0025_f1e4_g10_pm003",
      "target_learned_ler_proxy": 0.015625,
      "target_learned_success_rate": 0.984375,
      "transfer_improve_vs_fixed_zero": 0.011111111111112374,
      "transfer_ler_proxy": 0.02897135416666663,
      "transfer_success_rate": 0.9710286458333334
    },
    {
      "delta_success_vs_target": 0.0009765625,
      "f_hz": 10000.0,
      "fixed_zero_ler_proxy": 0.0400390625,
      "fixed_zero_success_rate": 0.9599609375,
      "g": 1.0,
      "p_meas": 0.01,
      "report_path": "code/data_generated/rl_steane_tune_experiments_V2/policy_transfer_expr3/expr1_to_expr3_transfer_seed724_to_expr3c_s0025_f1e4_g10_pm010.json",
      "scale": 0.025,
      "target_label": "expr3v2c_confirm_s0025_f1e4_g10_pm010",
      "target_learned_ler_proxy": 0.04427083333333337,
      "target_learned_success_rate": 0.9557291666666666,
      "transfer_improve_vs_fixed_zero": -0.08130081300813101,
      "transfer_ler_proxy": 0.04329427083333337,
      "transfer_success_rate": 0.9567057291666666
    }
  ],
  "targets": {
    "expr3v2c_confirm_s0025_f1e3_g16_pm010": {
      "delta_success_vs_target_mean": -0.00640190972222221,
      "delta_success_vs_target_std": 0.0059451508384560274,
      "f_hz": 1000.0,
      "fixed_zero_success_rate": 0.9384765625,
      "g": 1.6,
      "n_reports": 3,
      "p_meas": 0.01,
      "scale": 0.025,
      "target_learned_success_rate": 0.9453125,
      "transfer_improve_vs_fixed_zero_mean": -0.06370294474802624,
      "transfer_improve_vs_fixed_zero_std": 0.12375819108852593
    },
    "expr3v2c_confirm_s0025_f1e4_g10_pm003": {
      "delta_success_vs_target_mean": -0.0126953125,
      "delta_success_vs_target_std": 0.0014064107418419892,
      "f_hz": 10000.0,
      "fixed_zero_success_rate": 0.9762369791666666,
      "g": 1.0,
      "n_reports": 3,
      "p_meas": 0.003,
      "scale": 0.025,
      "target_learned_success_rate": 0.984375,
      "transfer_improve_vs_fixed_zero_mean": -0.048525530301734544,
      "transfer_improve_vs_fixed_zero_std": 0.1436876971474367
    },
    "expr3v2c_confirm_s0025_f1e4_g10_pm010": {
      "delta_success_vs_target_mean": 0.0,
      "delta_success_vs_target_std": 0.0013810679320049757,
      "f_hz": 10000.0,
      "fixed_zero_success_rate": 0.9596354166666666,
      "g": 1.0,
      "n_reports": 3,
      "p_meas": 0.01,
      "scale": 0.025,
      "target_learned_success_rate": 0.9557291666666666,
      "transfer_improve_vs_fixed_zero_mean": -0.10278433429495644,