stage_name,f_hz,g,n_seeds,improve_ler_mean,improve_ler_std,learned_success_mean,learned_success_std,fixed_success_mean,fixed_success_std,delta_success_mean,delta_success_std,positive_seed_ratio,trace_improve_ler_mean,trace_improve_ler_std,trace_delta_success_mean,trace_delta_success_std,trace_positive_seed_ratio
stage_topcond_baseline_f1e4_g04,10000.0,0.4,5,0.28263481245614663,0.07051563378432905,0.91640625,0.011634626443109513,0.8833984375,0.012112524791963791,0.0330078125,0.008835597293959,1.0,0.3326850636447718,0.11162758384649103,0.0384765625,0.012890625,1.0
stage_topcond_longtrace_f1e4_g04,10000.0,0.4,5,0.33660083822609527,0.11784420824936324,0.9240234375,0.01175369139779539,0.884765625,0.007501118894402937,0.0392578125,0.015262519075348951,1.0,0.36609702148519874,0.1514156422840846,0.044140625,0.024154084536671793,1.0
stage_topcond_tunea_f1e4_g04,10000.0,0.4,5,0.34859011031202164,0.19861445683737428,0.923046875,0.024364402619194963,0.8798828125,0.017510176833047956,0.0431640625,0.030094291008733856,1.0,0.2636920187793427,0.2173280635104179,0.03203125,0.0285610725162983,0.8
