stage_name,f_hz,g,n_seeds,improve_ler_mean,improve_ler_std,learned_success_mean,learned_success_std,fixed_success_mean,fixed_success_std,delta_success_mean,delta_success_std,positive_seed_ratio
stage_composed_confirm_f1e3_g10,1000.0,1.0,10,0.28504489761006946,0.13808963896733095,0.91865234375,0.010531944727409601,0.883203125,0.02040267880372977,0.03544921875,0.019252404000915137,0.9
stage_composed_confirm_f1e3_g16,1000.0,1.6,10,0.29770540598011547,0.1304072122575788,0.920068359375,0.011294083584121687,0.88349609375,0.018990562906143343,0.036572265625,0.017959791521081556,1.0
stage_composed_confirm_f1e4_g04,10000.0,0.4,10,0.37522553728787017,0.0616439212020803,0.928564453125,0.008791910345909901,0.88486328125,0.01573266131587654,0.043701171875,0.010693805284652627,1.0
