stage_name,f_hz,g,n_seeds,improve_ler_mean,improve_ler_std,learned_success_mean,learned_success_std,fixed_success_mean,fixed_success_std,delta_success_mean,delta_success_std,positive_seed_ratio,trace_improve_ler_mean,trace_improve_ler_std,trace_delta_success_mean,trace_delta_success_std,trace_positive_seed_ratio
stage_topcond_baseline_confirm10_f1e4_g04,10000.0,0.4,10,0.3190055629319131,0.08100304841578226,0.922607421875,0.00859222398560459,0.884814453125,0.018099960921440297,0.03779296875,0.014767097520821521,1.0,0.3680685843635597,0.06263908199171052,0.0466796875,0.014190767021283373,1.0
stage_topcond_longtrace_confirm10_f1e4_g04,10000.0,0.4,10,0.45013683059125364,0.11669418007255539,0.935791015625,0.0065300201280175585,0.879931640625,0.017699033501741047,0.055859375,0.019945795993943968,1.0,0.48232211873678843,0.11303930274203905,0.05791015625,0.01960946254026775,1.0
