{
  "reports": [
    {
      "delta_ler_vs_target": 0.0224609375,
      "delta_success_vs_target": -0.0224609375,
      "f_hz": 1000.0,
      "fixed_zero_ler_proxy": 0.03385416666666663,
      "fixed_zero_success_rate": 0.9661458333333334,
      "g": 1.6,
      "report_path": "code/data_generated/rl_steane_tune_experiments_V2/policy_transfer/expr1_to_expr2_transfer_seed720_to_expr2c_s0025_f1e3_g16.json",
      "scale": 0.025,
      "target_label": "expr2v2c_confirm_s0025_f1e3_g16",
      "target_learned_ler_proxy": 0.02180989583333337,
      "target_learned_success_rate": 0.9781901041666666,
      "transfer_improve_vs_fixed_zero": -0.3076923076923102,
      "transfer_ler_proxy": 0.04427083333333337,
      "transfer_success_rate": 0.9557291666666666
    },
    {
      "delta_ler_vs_target": 0.0026041666666666297,
      "delta_success_vs_target": -0.0026041666666666297,
      "f_hz": 10000.0,
      "fixed_zero_ler_proxy": 0.01822916666666663,
      "fixed_zero_success_rate": 0.9817708333333334,
      "g": 1.0,
      "report_path": "code/data_generated/rl_steane_tune_experiments_V2/policy_transfer/expr1_to_expr2_transfer_seed720_to_expr2c_s0025_f1e4_g10.json",
      "scale": 0.025,
      "target_label": "expr2v2c_confirm_s0025_f1e4_g10",
      "target_learned_ler_proxy": 0.01497395833333337,
      "target_learned_success_rate": 0.9850260416666666,
      "transfer_improve_vs_fixed_zero": 0.035714285714283756,
      "transfer_ler_proxy": 0.017578125,
      "transfer_success_rate": 0.982421875
    },
    {
      "delta_ler_vs_target": 0.01041666666666663,
      "delta_success_vs_target": -0.01041666666666663,
      "f_hz": 100.0,
      "fixed_zero_ler_proxy": 0.01790364583333337,
      "fixed_zero_success_rate": 0.9820963541666666,
      "g": 0.4,
      "report_path": "code/data_generated/rl_steane_tune_experiments_V2/policy_transfer/expr1_to_expr2_transfer_seed720_to_expr2c_s002_f1e2_g04.json",
      "scale": 0.02,
      "target_label": "expr2v2c_confirm_s002_f1e2_g04",
      "target_learned_ler_proxy": 0.01399739583333337,
      "target_learned_success_rate": 0.9860026041666666,
      "transfer_improve_vs_fixed_zero": -0.3636363636363608,
      "transfer_ler_proxy": 0.0244140625,
      "transfer_success_rate": 0.9755859375
    },
    {
      "delta_ler_vs_target": 0.0048828125,
      "delta_success_vs_target": -0.0048828125,
      "f_hz": 1000.0,
      "fixed_zero_ler_proxy": 0.03873697916666663,
      "fixed_zero_success_rate": 0.9612630208333334,
      "g": 1.6,
      "report_path": "code/data_generated/rl_steane_tune_experiments_V2/policy_transfer/expr1_to_expr2_transfer_seed721_to_expr2c_s0025_f1e3_g16.json",
      "scale": 0.025,
      "target_label": "expr2v2c_confirm_s0025_f1e3_g16",
      "target_learned_ler_proxy": 0.02180989583333337,
      "target_learned_success_rate": 0.9781901041666666,
      "transfer_improve_vs_fixed_zero": 0.31092436974789756,
      "transfer_ler_proxy": 0.02669270833333337,
      "transfer_success_rate": 0.9733072916666666
    },
    {
      "delta_ler_vs_target": 0.00455729166666663,
      "delta_success_vs_target": -0.00455729166666663,
      "f_hz": 10000.0,
      "fixed_zero_ler_proxy": 0.02018229166666663,
      "fixed_zero_success_rate": 0.9798177083333334,
      "g": 1.0,
      "report_path": "code/data_generated/rl_steane_tune_experiments_V2/policy_transfer/expr1_to_expr2_transfer_seed721_to_expr2c_s0025_f1e4_g10.json",
      "scale": 0.025,
      "target_label": "expr2v2c_confirm_s0025_f1e4_g10",
      "target_learned_ler_proxy": 0.01497395833333337,
      "target_learned_success_rate": 0.9850260416666666,
      "transfer_improve_vs_fixed_zero": 0.032258064516127255,
      "transfer_ler_proxy": 0.01953125,
      "transfer_success_rate": 0.98046875
    },
    {
      "delta_ler_vs_target": 0.0016276041666666297,
      "delta_success_vs_target": -0.0016276041666666297,
      "f_hz": 100.0,
      "fixed_zero_ler_proxy": 0.01953125,
      "fixed_zero_success_rate": 0.98046875,
      "g": 0.4,
      "report_path": "code/data_generated/rl_steane_tune_experiments_V2/policy_transfer/expr1_to_expr2_transfer_seed721_to_expr2c_s002_f1e2_g04.json",
      "scale": 0.02,
      "target_label": "expr2v2c_confirm_s002_f1e2_g04",
      "target_learned_ler_proxy": 0.01399739583333337,
      "target_learned_success_rate": 0.9860026041666666,
      "transfer_improve_vs_fixed_zero": 0.2,
      "transfer_ler_proxy": 0.015625,
      "transfer_success_rate": 0.984375
    },
    {
      "delta_ler_vs_target": 0.006184895833333259,
      "delta_success_vs_target": -0.006184895833333259,
      "f_hz": 1000.0,
      "fixed_zero_ler_proxy": 0.02962239583333337,
      "fixed_zero_success_rate": 0.9703776041666666,
      "g": 1.6,
      "report_path": "code/data_generated/rl_steane_tune_experiments_V2/policy_transfer/expr1_to_expr2_transfer_seed724_to_expr2c_s0025_f1e3_g16.json",
      "scale": 0.025,
      "target_label": "expr2v2c_confirm_s0025_f1e3_g16",
      "target_learned_ler_proxy": 0.02180989583333337,
      "target_learned_success_rate": 0.9781901041666666,
      "transfer_improve_vs_fixed_zero": 0.05494505494505737,
      "transfer_ler_proxy": 0.02799479166666663,
      "transfer_success_rate": 0.9720052083333334
    },
    {
      "delta_ler_vs_target": 0.0035807291666666297,
      "delta_success_vs_target": -0.0035807291666666297,
      "f_hz": 10000.0,
      "fixed_zero_ler_proxy": 0.01432291666666663,
      "fixed_zero_success_rate": 0.9856770833333334,
      "g": 1.0,
      "report_path": "code/data_generated/rl_steane_tune_experiments_V2/policy_transfer/expr1_to_expr2_transfer_seed724_to_expr2c_s0025_f1e4_g10.json",
      "scale": 0.025,
      "target_label": "expr2v2c_confirm_s0025_f1e4_g10",
      "target_learned_ler_proxy": 0.01497395833333337,
      "target_learned_success_rate": 0.9850260416666666,
      "transfer_improve_vs_fixed_zero": -0.2954545454545488,
      "transfer_ler_proxy": 0.0185546875,
      "transfer_success_rate": 0.9814453125
    },
    {
      "delta_ler_vs_target": 0.0068359375,
      "delta_success_vs_target": -0.0068359375,
      "f_hz": 100.0,
      "fixed_zero_ler_proxy": 0.0185546875,
      "fixed_zero_success_rate": 0.9814453125,
      "g": 0.4,
      "report_path": "code/data_generated/rl_steane_tune_experiments_V2/policy_transfer/expr1_to_expr2_transfer_seed724_to_expr2c_s002_f1e2_g04.json",
      "scale": 0.02,
      "target_label": "expr2v2c_confirm_s002_f1e2_g04",
      "target_learned_ler_proxy": 0.01399739583333337,
      "target_learned_success_rate": 0.9860026041666666,
      "transfer_improve_vs_fixed_zero": -0.12280701754386164,
      "transfer_ler_proxy": 0.02083333333333337,
      "transfer_success_rate": 0.9791666666666666
    }
  ],
  "targets": {
    "expr2v2c_confirm_s0025_f1e3_g16": {
      "delta_success_vs_target_mean": -0.011176215277777754,
      "delta_success_vs_target_std": 0.00799719000550708,
      "f_hz": 1000.0,
      "fixed_zero_success_rate": 0.9661458333333334,
      "g": 1.6,
      "n_reports": 3,
      "scale": 0.025,
      "target_learned_success_rate": 0.9781901041666666,
      "transfer_improve_vs_fixed_zero_mean": 0.01939237233354824,
      "transfer_improve_vs_fixed_zero_std": 0.2537973513552976
    },
    "expr2v2c_confirm_s0025_f1e4_g10": {
      "delta_success_vs_target_mean": -0.0035807291666666297,
      "delta_success_vs_target_std": 0.0007973599423122325,
      "f_hz": 10000.0,
      "fixed_zero_success_rate": 0.9817708333333334,
      "g": 1.0,
      "n_reports": 3,
      "scale": 0.025,
      "target_learned_success_rate": 0.9850260416666666,
      "transfer_improve_vs_fixed_zero_mean": -0.07582739840804593,
      "transfer_improve_vs_fixed_zero_std": 0.15530625477012036
    },
    "expr2v2c_confirm_s002_f1e2_g04": {
      "delta_success_vs_target_mean": -0.006293402777777753,
      "delta_success_vs_target_std": 0.003608569693644943,
      "f_hz": 100.0,
      "fixed_zero_success_rate": 0.9820963541666666,
      "g": 0.4,
      "n_reports": 3,